Datetime,Water Level (m)
2025-11-21 12:00:00,-0.14115688
2025-11-21 13:00:00,0.22015868
2025-11-21 14:00:00,0.5428623
2025-11-21 15:00:00,0.7248518
2025-11-21 16:00:00,0.72512674
2025-11-21 17:00:00,0.55497867
2025-11-21 18:00:00,0.25982475
2025-11-21 19:00:00,-0.09091447
2025-11-21 20:00:00,-0.4062925
2025-11-21 21:00:00,-0.5959135
2025-11-21 22:00:00,-0.6294543
2025-11-21 23:00:00,-0.5167208
2025-11-22 00:00:00,-0.2899172
2025-11-22 01:00:00,-0.021252973
2025-11-22 02:00:00,0.2065138
2025-11-22 03:00:00,0.3353177
2025-11-22 04:00:00,0.32253465
2025-11-22 05:00:00,0.17377089
2025-11-22 06:00:00,-0.072195016
2025-11-22 07:00:00,-0.36363053
2025-11-22 08:00:00,-0.6237108
2025-11-22 09:00:00,-0.7718886
2025-11-22 10:00:00,-0.76319367
2025-11-22 11:00:00,-0.5989267
2025-11-22 12:00:00,-0.31021842
2025-11-22 13:00:00,0.062566966
2025-11-22 14:00:00,0.40969658
2025-11-22 15:00:00,0.64600104
2025-11-22 16:00:00,0.71897495
2025-11-22 17:00:00,0.6389941
2025-11-22 18:00:00,0.41619474
2025-11-22 19:00:00,0.10493191
2025-11-22 20:00:00,-0.219404
2025-11-22 21:00:00,-0.4738256
2025-11-22 22:00:00,-0.6034982
2025-11-22 23:00:00,-0.587815
2025-11-23 00:00:00,-0.4376541
2025-11-23 01:00:00,-0.2006254
2025-11-23 02:00:00,0.051958956
2025-11-23 03:00:00,0.23763283
2025-11-23 04:00:00,0.2976997
2025-11-23 05:00:00,0.2218615
2025-11-23 06:00:00,0.041992065
2025-11-23 07:00:00,-0.21441936
2025-11-23 08:00:00,-0.472804
2025-11-23 09:00:00,-0.67038095
2025-11-23 10:00:00,-0.74398226
2025-11-23 11:00:00,-0.6764512
2025-11-23 12:00:00,-0.47191456
2025-11-23 13:00:00,-0.16357385
2025-11-23 14:00:00,0.1869941
2025-11-23 15:00:00,0.4839795
2025-11-23 16:00:00,0.653396
2025-11-23 17:00:00,0.6666217
2025-11-23 18:00:00,0.52609646
2025-11-23 19:00:00,0.2732841
2025-11-23 20:00:00,-0.042155903
2025-11-23 21:00:00,-0.3247841
2025-11-23 22:00:00,-0.5218913
2025-11-23 23:00:00,-0.5843928
2025-11-24 00:00:00,-0.5204796
2025-11-24 01:00:00,-0.3529926
2025-11-24 02:00:00,-0.12398009
2025-11-24 03:00:00,0.0907527
2025-11-24 04:00:00,0.22409545
2025-11-24 05:00:00,0.23696397
2025-11-24 06:00:00,0.14095625
2025-11-24 07:00:00,-0.050661977
2025-11-24 08:00:00,-0.28567502
2025-11-24 09:00:00,-0.5124278
2025-11-24 10:00:00,-0.6594307
2025-11-24 11:00:00,-0.6825466
2025-11-24 12:00:00,-0.57553226
2025-11-24 13:00:00,-0.3420754
2025-11-24 14:00:00,-0.030352255
2025-11-24 15:00:00,0.27864453
2025-11-24 16:00:00,0.52097493
2025-11-24 17:00:00,0.62044305
2025-11-24 18:00:00,0.5736394
2025-11-24 19:00:00,0.40238348
2025-11-24 20:00:00,0.14454213
2025-11-24 21:00:00,-0.13509414
2025-11-24 22:00:00,-0.37584487
2025-11-24 23:00:00,-0.5221196
2025-11-25 00:00:00,-0.5404992
2025-11-25 01:00:00,-0.45711997
2025-11-25 02:00:00,-0.2868714
2025-11-25 03:00:00,-0.074710906
2025-11-25 04:00:00,0.108130164
2025-11-25 05:00:00,0.19642559
2025-11-25 06:00:00,0.19006716
2025-11-25 07:00:00,0.07308561
2025-11-25 08:00:00,-0.10160519
2025-11-25 09:00:00,-0.31483394
2025-11-25 10:00:00,-0.49787122
2025-11-25 11:00:00,-0.5915135
2025-11-25 12:00:00,-0.57677156
2025-11-25 13:00:00,-0.43793163
2025-11-25 14:00:00,-0.20675722
2025-11-25 15:00:00,0.06942149
2025-11-25 16:00:00,0.3423734
2025-11-25 17:00:00,0.52513206
2025-11-25 18:00:00,0.5751225
2025-11-25 19:00:00,0.4997379
2025-11-25 20:00:00,0.3109153
2025-11-25 21:00:00,0.07216285
2025-11-25 22:00:00,-0.18079308
2025-11-25 23:00:00,-0.3785587
2025-11-26 00:00:00,-0.4922206
2025-11-26 01:00:00,-0.49319193
2025-11-26 02:00:00,-0.39866763
2025-11-26 03:00:00,-0.23305815
2025-11-26 04:00:00,-0.037424207
2025-11-26 05:00:00,0.11473548
2025-11-26 06:00:00,0.1955177
2025-11-26 07:00:00,0.17502075
2025-11-26 08:00:00,0.07367549
2025-11-26 09:00:00,-0.09723821
2025-11-26 10:00:00,-0.280583
2025-11-26 11:00:00,-0.4388233
2025-11-26 12:00:00,-0.51128846
2025-11-26 13:00:00,-0.48399702
2025-11-26 14:00:00,-0.3407523
2025-11-26 15:00:00,-0.11802193
2025-11-26 16:00:00,0.13361576
2025-11-26 17:00:00,0.35816956
2025-11-26 18:00:00,0.4930098
2025-11-26 19:00:00,0.5058021
2025-11-26 20:00:00,0.41311574
2025-11-26 21:00:00,0.23395403
2025-11-26 22:00:00,0.007528123
2025-11-26 23:00:00,-0.20629317
2025-11-27 00:00:00,-0.38455278
2025-11-27 01:00:00,-0.4804989
2025-11-27 02:00:00,-0.47726092
2025-11-27 03:00:00,-0.39104488
2025-11-27 04:00:00,-0.22966154
2025-11-27 05:00:00,-0.038650848
2025-11-27 06:00:00,0.12968269
2025-11-27 07:00:00,0.2207554
2025-11-27 08:00:00,0.22256489
2025-11-27 09:00:00,0.1334934
2025-11-27 10:00:00,-0.009235341
2025-11-27 11:00:00,-0.19361855
2025-11-27 12:00:00,-0.32035893
